YEAR,BASIN,LAT,LON,SG,ALG,LAB
2007,JON,25.036978,-80.910468,0.75,0.0375,0.5199135175496555
2007,JON,25.039574000000002,-80.924404,0.78125,0.00375,0.6516222002170087
2007,JON,25.043654,-80.907737,0.71875,0,0.5429376895605647
2007,JON,25.044018,-80.915529,0.71875,0.0075,0.7552546127400628
2007,JON,25.045138,-80.924685,0.6875,0.01125,1
2007,JON,25.045997,-80.930309,0.596875,0.03375,0.7353907077886379
2007,JON,25.04807,-80.904543,0.71875,0.050625,0.8184969975140394
2007,JON,25.050745,-80.923628,0.6875,0.0075,0.8104363893995294
2007,JON,25.050986,-80.920923,0.75,0.01125,0.6595388203543588
2007,JON,25.051321,-80.937577,0.565625,0.03375,0.7839685573868446
2007,JON,25.051576,-80.932356,0.6875,0.01875,0.504707329
2007,JON,25.052,-80.912076,0.75,0.0075,0.3735505859139995
2007,JON,25.057144,-80.920906,0.59375,0.04875,0.4895147414014949
2007,JON,25.057202,-80.937779,0.471875,0.03375,0.5665163289653727
2007,JON,25.057242,-80.909354,0.53125,0.015,0.4246971209979047
2007,JON,25.057292,-80.931058,0.71875,0.01125,0.6085512138856339
2007,JON,25.058434,-80.915398,0.625,0.02625,0.4251598698408126
2007,JON,25.060154,-80.924074,0.75,0,0.3947386913763809
2007,JON,25.061169,-80.910541,0.4375,0.015,0.45632400253174976
2007,JON,25.06146,-80.90705,0.5,0.00375,0.37520446080558423
2007,JON,25.061775,-80.918199,0.6875,0.01875,0.37262165737625685
2007,JON,25.062066,-80.932575,0.8125,0.015,0.4231139978827975
2007,JON,25.062242,-80.947685,0.6875,0.00375,0.8121625581199408
2007,JON,25.063405,-80.937241,0.78125,0.01875,0.6212864625269858
2007,JON,25.066983,-80.93435,0.8125,0.01875,0.5428311117827941
2007,JON,25.06888,-80.944064,0.8125,0.01875,0.5427788796823572
2007,JON,25.069514,-80.922605,0.78125,0.00375,0.3418197622104962
2007,JON,25.070112,-80.929959,0.59375,0,0.2562303398685611
2007,JON,25.071847000000002,-80.933208,0.75,0,0.3603872622121509
2007,RAN,25.102751,-80.795254,0.475,0.02625,0.4331018910284294
2007,RAN,25.104939,-80.783163,0.59375,0.00375,0.40305067263050687
2007,RAN,25.105642,-80.803882,0.296875,0.056249999999999994,0.19118983238335435
2007,RAN,25.106802,-80.78973,0.44375,0.0075,0.4615045997717122
2007,RAN,25.109099,-80.783508,0.16999999999999998,0.08625,0.12651749981747237
2007,RAN,25.109673,-80.789302,0.4125,0.01125,0.3726064504535043
2007,RAN,25.109826,-80.799523,0.440625,0.01125,0.54593832
2007,RAN,25.111565,-80.806258,0.346875,0.15187499999999998,0.033607894
2007,RAN,25.112146,-80.779459,0.353125,0.1425,0.40736821338878776
2007,RAN,25.114958,-80.780924,0.46,0.01875,0.3250433165187835
2007,RAN,25.115518,-80.816788,0.265625,0.041249999999999995,0.4825270939146979
2007,RAN,25.116009,-80.820492,0.471875,0.091875,0.6986363049694424
2007,RAN,25.118793,-80.789731,0.38125,0.01875,0.6170520102363125
2007,RAN,25.118907,-80.800972,0.471875,0,0.5592944865337509
2007,RAN,25.118938,-80.794485,0.353125,0.02625,0.3495765783975072
2007,RAN,25.119008,-80.809547,0.234375,0.06,0.6653610581399994
2007,RAN,25.122401,-80.825062,0.625,0.14625,1
2007,RAN,25.123249,-80.805191,0.534375,0.03375,0.43766899404295184
2007,RAN,25.123835,-80.79291,0.5625,0.015,0.5127158826420304
2007,RAN,25.124083,-80.821203,0.59375,0.056249999999999994,0.8890762012487262
2007,RAN,25.12427,-80.800757,0.409375,0.07875,0.3518186357741164
2007,RAN,25.12513,-80.812558,0.46875,0.0525,0.5211783234638366
2007,RAN,25.128262,-80.816598,0.59375,0.088125,0.5345586501014488
2007,RAN,25.128839,-80.82172,0.71875,0.02625,0.6283335302401272
2007,RAN,25.128939,-80.801515,0.4375,0.07125,0.4761025008193113
2007,RAN,25.12935,-80.795445,0.46875,0.00375,0.6453244519316708
2007,RAN,25.130915,-80.809351,0.346875,0.056249999999999994,0.37159289281307406
2007,RAN,25.133852,-80.817759,0.5625,0.021428571,0.5395956555749375
2007,RAN,25.133863,-80.811448,0.409375,0.12,0.5951501681129889
2007,RAN,25.140302,-80.815378,0.53125,0.03,0.5547343693841615
2007,WHP,25.036381,-80.763009,0.09,0.03,0.08506468
2007,WHP,25.043189,-80.768089,0.15,0.01875,0.15220147849574664
2007,WHP,25.043392,-80.762603,0.5625,0.084375,0.33129026333310435
2007,WHP,25.051032,-80.772587,0.01125,0.00375,0
2007,WHP,25.05137,-80.761342,0.105,0.01875,0.10181911175518786
2007,WHP,25.051865,-80.750991,0.15,0.0225,0.20069986146211694
2007,WHP,25.057037,-80.741152,0.0075,0.03,0
2007,WHP,25.059179,-80.749369,0.0825,0.0375,0.088610354
2007,WHP,25.060322,-80.76618,0.625,0,0.9689501787774353
2007,WHP,25.061641,-80.735316,0.09,0.06,0.068676874
2007,WHP,25.06276,-80.762028,0.5,0,0.45907358913626495
2007,WHP,25.063429,-80.777457,0.546875,0.106875,0.37590886260695566
2007,WHP,25.07013,-80.728964,0.20625,0.03,0.1891923979149196
2007,WHP,25.070766,-80.753117,0.2625,0.00375,0.4197008183040022
2007,WHP,25.070912,-80.783487,0.625,0.01125,0.5137784971040852
2007,WHP,25.073237,-80.775607,0.148125,0.0075,0.15517014290700126
2007,WHP,25.073715,-80.740994,0.178125,0.00375,0.21468230722250653
2007,WHP,25.075391,-80.764092,0.148125,0.00375,0.3024659467136729
2007,WHP,25.078765,-80.729816,0.04875,0.045,0.03602377
2007,WHP,25.079041,-80.771183,0.0375,0.0075,0
2007,WHP,25.080076,-80.739123,0.105,0.01875,0.1296848721310346
2007,WHP,25.083154,-80.787475,0.219375,0.01875,0
2007,WHP,25.083324,-80.76065,0.06,0,0.042679628
2007,WHP,25.088542,-80.75509,0.02625,0.0075,0
2007,WHP,25.089247,-80.773479,0.148125,0.0375,0.33463925748205087
2007,WHP,25.09051,-80.744304,0.8125,0.06375,0.5254562574485304
2007,WHP,25.091209,-80.763798,0.135,0.01875,0.12710749239945204
2008,JON,25.03768,-80.91119,0.625,0.01125,0.34088557262558644
2008,JON,25.03803,-80.9268,0.6875,0.0075,0.5035064746230857
2008,JON,25.03925,-80.91881,0.71875,0.0075,0.5195271586672329
2008,JON,25.04308,-80.92954,0.84375,0.02625,0.5605119875254796
2008,JON,25.04308,-80.91688,0.53125,0.0075,0.40239607402148003
2008,JON,25.04341,-80.92296,0.71875,0.108125,0.5835354000312274
2008,JON,25.0458,-80.90704,0.6875,0.0075,0.7958041900634198
2008,JON,25.04761,-80.91808,0.35,0.03375,0.17346766359780852
2008,JON,25.04831,-80.90472,0.53125,0.03,0.23094537145710434
2008,JON,25.04838,-80.92456,0.6875,0.0075,0.3855665685900447
2008,JON,25.050143,-80.912836,0.59375,0.0675,0.5987495884632364
2008,JON,25.05092,-80.93282,0.75,0.0225,0.49872794976677426
2008,JON,25.05593,-80.92105,0.6875,0.00375,0.4479571551294235
2008,JON,25.05606,-80.93433,0.875,0,0.46638821853148604
2008,JON,25.05696,-80.9157,0.6875,0.00375,0.378835622
2008,JON,25.05773,-80.92789,0.6875,0.01125,0.4802353309431205
2008,JON,25.05793,-80.90868,0.5625,0.0075,0.32944181710285503
2008,JON,25.06069,-80.93401,0.8125,0.0075,0.48677691521558597
2008,JON,25.0609,-80.91074,0.5,0.0225,0.32513145126320275
2008,JON,25.06172,-80.94059,0.84375,0.01875,0.37291050951538646
2008,JON,25.06238,-80.92635,0.65625,0.0675,0.45147092549290113
2008,JON,25.06302,-80.91895,0.4375,0.04875,0.3715651518980756
2008,JON,25.06343,-80.94539,0.84375,0.129375,0.5259046363344512
2008,JON,25.06374,-80.90562,0.65625,0,0.232044007
2008,JON,25.0659,-80.93658,0.75,0.073125,0.6887426279020359
2008,JON,25.06608,-80.9287,0.8125,0.0375,0.558843439
2008,JON,25.06748,-80.94077,0.8125,0.0525,0.3514352233425001
2008,JON,25.06762,-80.92477,0.8125,0.03375,0.5353894189634568
2008,JON,25.07243,-80.93097,0.65625,0.2175,0.7834470975194318
2008,RAN,25.10413,-80.80242,0.198125,0.01125,0.2112897828120565
2008,RAN,25.10424,-80.78024,0.338125,0.10124999999999999,0.3751646074527276
2008,RAN,25.10556,-80.78841,0.148125,0.02625,0.24081985252006238
2008,RAN,25.10728,-80.79427,0.163125,0.041249999999999995,0.1963638872359955
2008,RAN,25.10951,-80.80554,0.338125,0.096875,0.22443773457578373
2008,RAN,25.11024,-80.77892,0.38125,0.069375,0.31903729675250236
2008,RAN,25.110559,-80.78633,0.275625,0.07875,0.29253219973737027
2008,RAN,25.11172,-80.79782,0.29375,0.03,0.3745654932752254
2008,RAN,25.11238,-80.79151,0.265625,0.12375,0.2371647452524732
2008,RAN,25.1146,-80.82286,0.35,0.00375,0.5264260418382475
2008,RAN,25.11587,-80.79972,0.275625,0.015,0.4165923931689618
2008,RAN,25.11613,-80.7871,0.12,0.178125,0.18981975
2008,RAN,25.1162,-80.79259,0.36625,0.174375,0.3246451541768193
2008,RAN,25.1174,-80.81439,0.20625,0.11624999999999999,0.3750988260043845
2008,RAN,25.11752,-80.77984,0.234375,0.19875,0.36345594192232866
2008,RAN,25.118209,-80.810518,0.219375,0.075,0.30563144107654977
2008,RAN,25.12242,-80.81097,0.290625,0.07125,0.5619436277505521
2008,RAN,25.12404,-80.8171,0.29375,0.09,0.4813381359085402
2008,RAN,25.12424,-80.80359,0.321875,0.0675,0.37243783204389647
2008,RAN,25.12432,-80.78899,0.409375,0.07875,0.5276191796749937
2008,RAN,25.12437,-80.7996,0.35,0.015,0.35155562138787694
2008,RAN,25.12507,-80.82565,0.234375,0.19125,0.4065158227837656
2008,RAN,25.12809,-80.79218,0.234375,0.0375,0.30150707548578237
2008,RAN,25.12894,-80.82347,0.4375,0.0375,0.6182915649360745
2008,RAN,25.13028,-80.80325,0.20625,0.09,0.7868651552667336
2008,RAN,25.13071,-80.81436,0.27875,0.08625,0.3865247418062792
2008,RAN,25.13078,-80.80959,0.20625,0.12,0.7865163549122475
2008,RAN,25.13521,-80.81895,0.234375,0.1275,0.48220245667958017
2008,RAN,25.13564,-80.81161,0.29375,0.09,0.6115114907342725
2008,RAN,25.14118,-80.81775,0.290625,0.0525,0.5154517610264329
2008,WHP,25.03832,-80.76354,0.15,0.0825,0.16786124790745766
2008,WHP,25.04374,-80.76673,0.20625,0,0.27975312953582226
2008,WHP,25.04502,-80.76083,0.290625,0.09,0.1634939711117213
2008,WHP,25.05001,-80.77455,0.20625,0.03,0.18646264864473175
2008,WHP,25.05401,-80.74549,0.219375,0.01875,0.26086490109957017
2008,WHP,25.05518,-80.76665,0.219375,0,0.31833368542924484
2008,WHP,25.05954,-80.75382,0.4375,0.0675,0.6441300513484344
2008,WHP,25.06101,-80.75048,0.178125,0.02625,0.3181710252942652
2008,WHP,25.06236,-80.76604,0.71875,0.00375,0.6999617646009142
2008,WHP,25.06262,-80.73653,0.09,0.01125,0.082140036
2008,WHP,25.06539,-80.75651,0.178125,0,0.13392008026899294
2008,WHP,25.06665,-80.7809,0.690625,0,0.6220324728302724
2008,WHP,25.07003,-80.78575,0.296875,0.01875,0.11826890560736701
2008,WHP,25.07131,-80.74316,0.31875,0,0.41852704893025716
2008,WHP,25.07155,-80.73841,0.29375,0,0.3219942621138809
2008,WHP,25.07173,-80.75517,0.2475,0,0.3989545013251961
2008,WHP,25.07283,-80.77653,0.178125,0.03,0.20289210994600898
2008,WHP,25.07449,-80.76181,0.4375,0.00375,0.7426489620132583
2008,WHP,25.07728,-80.75711,0.234375,0,0.4262615073908149
2008,WHP,25.07861,-80.78999,0.114375,0,0.020208592959319354
2008,WHP,25.08009,-80.73404,0.15,0.0225,0.22504525910021742
2008,WHP,25.08195,-80.72678,0.234375,0.04875,0.2856487113922586
2008,WHP,25.08234,-80.74426,0.2625,0.0075,0.42012788118424665
2008,WHP,25.08265,-80.77262,0.135,0.06,0.2856391183542332
2008,WHP,25.08582,-80.74223,0.178125,0.00375,0.2352898654444428
2008,WHP,25.086262,-80.775049,0.12,0.09,0.14835025222678125
2008,WHP,25.08998,-80.78064,0.178125,0.03,0.093897014
2008,WHP,25.09155,-80.76269,0.234375,0.0525,0.3372562518490072
2008,WHP,25.09168,-80.7527,0.234375,0.01125,0.3655710875311344
2009,JON,25.03477926,-80.91879275,0.53125,0,0.4706017947521364
2009,JON,25.03528624,-80.92408818,0.375,0.015,0.4264679948939481
2009,JON,25.03828086,-80.91445378,0.409375,0.01875,0.3692526073972069
2009,JON,25.04061182,-80.91446418,0.46875,0.0075,0.43515412284201094
2009,JON,25.04157206,-80.92064851,0.38125,0.045,0.4844823460816648
2009,JON,25.04244628,-80.9306961,0.40625,0.0225,0.5534919115921509
2009,JON,25.04480821,-80.91062546,0.375,0.01875,0.33551803250118034
2009,JON,25.046818,-80.93342629,0.46875,0.015,0.4006796521958003
2009,JON,25.0478697,-80.92584742,0.40625,0.01875,0.4618794855911338
2009,JON,25.05005995,-80.9104554,0.321875,0.0075,0.2916889535082926
2009,JON,25.05132462,-80.94221053,0.46875,0.0075,0.45842138311759706
2009,JON,25.05183697,-80.91551755,0.290625,0.01125,0.2708638404325752
2009,JON,25.05272499,-80.90434586,0.353125,0.0075,0.3747015222600712
2009,JON,25.0534326,-80.92474753,0.53125,0.02625,0.5088966028107104
2009,JON,25.05463414,-80.93420851,0.440625,0,0.434863634
2009,JON,25.05532149,-80.91865666,0.35,0.00375,0.4473532691723171
2009,JON,25.055407,-80.90983587,0.378125,0.02625,0.4632401137236392
2009,JON,25.05713098,-80.93084245,0.625,0.01125,0.43874013207437956
2009,JON,25.06006003,-80.92187444,0.46875,0.01125,0.36966461705137865
2009,JON,25.06070613,-80.91069409,0.290625,0.0075,0.34660048775667157
2009,JON,25.0607254,-80.94376791,0.59375,0.0075,0.9095416703356097
2009,JON,25.0615304,-80.94227698,0.71875,0.03,0.7072873292292968
2009,JON,25.0622886,-80.90295721,0.290625,0.01875,0.42209832928250396
2009,JON,25.06323053,-80.93129941,0.53125,0.046875,0.7270557132251277
2009,JON,25.06462734,-80.92721435,0.59375,0,0.6984246681464139
2009,JON,25.06539179,-80.92044678,0.53125,0,0.3243818510579378
2009,JON,25.06724964,-80.93488404,0.78125,0.00375,0.4390557029126454
2009,JON,25.06787288,-80.93194858,0.6875,0.00375,0.46986210849629456
2009,JON,25.07096753,-80.94167951,0.75,0.0075,0.3443163789385905
2009,JON,25.07568423,-80.93392725,0.78125,0.0375,0.5315219441485004
2009,RAN,25.10358344,-80.79490608,0.46875,0.15,0.26969751545438253
2009,RAN,25.10434003,-80.80172596,0.503125,0.091875,0.36857269344697097
2009,RAN,25.10540272,-80.78384535,0.471875,0.136875,0.4209717763644568
2009,RAN,25.10740111,-80.78913379,0.40625,0.0675,0.28406340758364934
2009,RAN,25.10769293,-80.77687829,0.338125,0.190625,0.34322343403507877
2009,RAN,25.10934382,-80.78294626,0.178125,0.41875,0
2009,RAN,25.11031068,-80.79764869,0.346875,0.133125,0.087505239
2009,RAN,25.11171553,-80.78816429,0.4375,0.0525,0.28625742853011094
2009,RAN,25.11191802,-80.80271881,0.234375,0.234375,0.17745479691207336
2009,RAN,25.11457943,-80.80762017,0.59375,0.0525,0.4785140913443665
2009,RAN,25.11545879,-80.82291501,0.65625,0.01875,0.9638881054962684
2009,RAN,25.11552124,-80.80112594,0.46875,0.03,0.48210020263644643
2009,RAN,25.11557222,-80.81526601,0.2625,0.15375,0.461403068
2009,RAN,25.11742093,-80.78874512,0.2625,0.1875,0.3653746056975214
2009,RAN,25.118732,-80.7916729,0.471875,0.075,0.28750248276610424
2009,RAN,25.11931648,-80.819471,0.135,0.483125,0.3071595940417095
2009,RAN,25.119681,-80.78020645,0.20625,0.270625,0.2578090373106315
2009,RAN,25.12026052,-80.7982857,0.40625,0.041249999999999995,0.44999671622786164
2009,RAN,25.12386643,-80.8036751,0.290625,0.0825,0.2981823851203403
2009,RAN,25.12439231,-80.81194392,0.378125,0.140625,0.36306599294934644
2009,RAN,25.1256131,-80.82580853,0.440625,0.106875,0.5465185948333079
2009,RAN,25.12594987,-80.79254628,0.5,0.2025,0.34402986405869046
2009,RAN,25.12637233,-80.81650818,0.440625,0.08625,0.598649999
2009,RAN,25.12935093,-80.79723435,0.378125,0.148125,0.3859035245285798
2009,RAN,25.12938039,-80.80447354,0.378125,0.178125,0.37873724425836147
2009,RAN,25.13043723,-80.82093627,0.5,0.07875,0.5994801386063783
2009,RAN,25.13172763,-80.80666019,0.35,0.1875,0.5221925965106116
2009,RAN,25.13489745,-80.81032753,0.35,0.135,0.7370131860882635
2009,RAN,25.13694719,-80.81633471,0.46875,0.041249999999999995,0.5398920960772716
2009,RAN,25.14329357,-80.81824936,0.4375,0.00375,0.5775253455354128
2009,WHP,25.03495145,-80.76504471,0.105,0.0525,0.097711676
2009,WHP,25.0406876,-80.75768428,0.15,0.03,0.17769673124366395
2009,WHP,25.04451305,-80.77071379,0.20625,0.03,0.28370006767060096
2009,WHP,25.04933956,-80.77583082,0.163125,0.1275,0.4198807181212475
2009,WHP,25.04987613,-80.76324144,0.12,0.03,0.15517662465511484
2009,WHP,25.05111569,-80.73936662,0.15,0.03,0.23772811608799618
2009,WHP,25.0514201,-80.74887971,0.12,0.12,0.1330677883782418
2009,WHP,25.0596104,-80.75477623,0.290625,0.03,0.3810709124487075
2009,WHP,25.06133857,-80.7641523,0.6875,0,0.7667139851157564
2009,WHP,25.06146206,-80.73919964,0.178125,0.03,0.2445118058765043
2009,WHP,25.06448475,-80.77483841,0.503125,0.02625,0.38613169699992383
2009,WHP,25.06657548,-80.74505747,0.15,0.07125,0.17035725950393918
2009,WHP,25.06718621,-80.76279194,0.46875,0.01125,0.5401031323911653
2009,WHP,25.07028582,-80.74639454,0.178125,0.015,0.1846976747496347
2009,WHP,25.07186686,-80.75485195,0.135,0.03,0
2009,WHP,25.07233796,-80.78123893,0.148125,0.045,0.26200342921208863
2009,WHP,25.07345001,-80.72985847,0.135,0.0975,0.11340382215350343
2009,WHP,25.07533398,-80.77653807,0.12,0.0675,0.021545243822809337
2009,WHP,25.07752546,-80.77831708,0.234375,0.03,0.30027586531589134
2009,WHP,25.0782928,-80.74753462,0.12,0.06375,0.37571095612901817
2009,WHP,25.07992811,-80.77245754,0.12,0.07125,0
2009,WHP,25.08130026,-80.76244358,0.31875,0.02625,0.7078901569868087
2009,WHP,25.08146976,-80.78470641,0.2625,0.02625,0
2009,WHP,25.08263698,-80.72869629,0.15,0.04875,0.18344790273220246
2009,WHP,25.08570373,-80.73694999,0.409375,0.073125,0.1658703786295447
2009,WHP,25.08664642,-80.77683814,0.148125,0.22375,0.15164337700648423
2009,WHP,25.08998451,-80.78054912,0.178125,0.07125,0.42763506765731135
2009,WHP,25.09056344,-80.76020437,0.29375,0.015,0.49891022882947456
2009,WHP,25.09244395,-80.74393965,0.34125,0.196875,0.25335062842461775
2009,WHP,25.09434998,-80.7512058,0.378125,0.51125,0.5396090730560535
2010,JON,25.0362,-80.9092,0.5625,0.041249999999999995,0.49457753385661046
2010,JON,25.04025,-80.92692,0.59375,0.041249999999999995,0.4780096810979901
2010,JON,25.04062,-80.92039,0.5625,0.0075,0.4910371037510185
2010,JON,25.04099,-80.91485,0.59375,0.01875,0.6458508832604171
2010,JON,25.04213,-80.92183,0.625,0.00375,0.5066234475371519
2010,JON,25.0456,-80.92631,0.5625,0.0225,0.738559123
2010,JON,25.04583,-80.90871,0.5,0.045,0.5615840166872426
2010,JON,25.05019,-80.91685,0.5,0.01125,0.55107872
2010,JON,25.05045,-80.90823,0.5,0.0075,0.5379277477549775
2010,JON,25.05072,-80.91496,0.46875,0.0375,0.45718264801015396
2010,JON,25.05086,-80.92278,0.46875,0.045,0.5646134492985855
2010,JON,25.05105,-80.93335,0.53125,0.0075,0.45539673184429486
2010,JON,25.05232,-80.93477,0.53125,0.0075,0.5738860420798353
2010,JON,25.05393,-80.93359,0.59375,0.00375,0.31395751851628734
2010,JON,25.05633,-80.92727,0.59375,0.0225,0.37140819414030196
2010,JON,25.05807,-80.90864,0.5,0.02625,0.4637552620155789
2010,JON,25.05936,-80.91624,0.625,0.03,0.5646186729612405
2010,JON,25.05974,-80.92255,0.625,0.00375,0.4014892056964531
2010,JON,25.05991,-80.91548,0.625,0.0075,0.5103880454647066
2010,JON,25.06001,-80.90179,0.346875,0.0225,0.51654799082576075
2010,JON,25.06237,-80.94051,0.59375,0.00375,0.4608003312117306
2010,JON,25.06247,-80.91267,0.5625,0.0225,0.4472388777963673
2010,JON,25.06298,-80.92626,0.53125,0,0.385594155
2010,JON,25.06313,-80.94379,0.5625,0.02625,0.5820411047508496
2010,JON,25.06329,-80.93063,0.5625,0,0.438469506
2010,JON,25.06524,-80.93217,0.59375,0.00375,0.37015626729639867
2010,JON,25.06549,-80.92455,0.59375,0,0.47038568758354937
2010,JON,25.07007,-80.936,0.65625,0,0.4358880708691286
2010,JON,25.07007,-80.93338,0.625,0,0.4586324364409126
2010,JON,25.07025,-80.9386,0.75,0,0.48189226683859593
2010,RAN,25.10447,-80.79217,0.375,0.0825,0.23830886042461227
2010,RAN,25.1056,-80.79006,0.346875,0.045,0.19316641466398154
2010,RAN,25.10864,-80.78212,0.53125,0.1275,0.35368840254594636
2010,RAN,25.10881,-80.79794,0.346875,0.09,0.1796198077411468
2010,RAN,25.10928,-80.80022,0.378125,0.056249999999999994,0.34365912160044326
2010,RAN,25.10942,-80.78656,0.29375,0.06375,0.2832731901112238
2010,RAN,25.11232,-80.78188,0.503125,0.041249999999999995,0.4056759166796479
2010,RAN,25.11369,-80.78909,0.378125,0.03375,0.3480968902360508
2010,RAN,25.11435,-80.80769,0.46875,0.06,0.45630454046860736
2010,RAN,25.11515,-80.79935,0.346875,0.0075,0.42723767521266165
2010,RAN,25.11671,-80.81724,0.53125,0.03,0.5534557567689249
2010,RAN,25.11712,-80.78314,0.290625,0.02625,0.41271509056357125
2010,RAN,25.11753,-80.82269,0.40625,0.0825,0.49125474868216246
2010,RAN,25.11856,-80.79184,0.440625,0.06375,0.35686935685359733
2010,RAN,25.11921,-80.78694,0.346875,0.056249999999999994,0.46420163210174714
2010,RAN,25.11985,-80.79261,0.440625,0.06375,0.3495660590884229
2010,RAN,25.12004,-80.81037,0.31875,0.04875,0.3997669554079483
2010,RAN,25.12069,-80.81892,0.375,0.07875,0.360783673
2010,RAN,25.12098,-80.80455,0.346875,0.03,0.45940645205296565
2010,RAN,25.12186,-80.79764,0.40625,0.04875,0.4720552031572467
2010,RAN,25.1224,-80.82296,0.409375,0.06375,0.5216706052526731
2010,RAN,25.12279,-80.81488,0.378125,0.06375,0.5456355544379666
2010,RAN,25.12687,-80.7953,0.378125,0.0975,0.6289359876819272
2010,RAN,25.12864,-80.8035,0.35,0.11624999999999999,0.40960555918143476
2010,RAN,25.13042,-80.81455,0.38125,0.056249999999999994,0.582817799
2010,RAN,25.13056,-80.82224,0.31875,0.045,0.5583479613274857
2010,RAN,25.1313,-80.81147,0.409375,0.0525,0.884339387
2010,RAN,25.13252,-80.8205,0.40625,0.07875,0.608664881
2010,RAN,25.13672,-80.81161,0.4375,0.03375,0.8241604583510023
2010,RAN,25.14076,-80.81339,0.5,0.08625,0.6350476844286198
2010,WHP,25.03922,-80.764946,0.2625,0.42625,0.272587941
2010,WHP,25.044083,-80.768393,0.178125,0.01125,0.16611868490056786
2010,WHP,25.045674000000002,-80.758534,0.15,0.181875,0.15766174682765016
2010,WHP,25.051211,-80.764678,0.075,0.12375,0
2010,WHP,25.055058,-80.769385,0.20625,0.02625,0.26816427072070914
2010,WHP,25.055308,-80.751351,0.20625,0.27,0.21448347795663486
2010,WHP,25.057165,-80.758446,0.3625,0.00375,0.3174748082501075
2010,WHP,25.057189,-80.742606,0.2625,0.12,0.3166570266680005
2010,WHP,25.059467,-80.767613,0.5625,0.01125,0.5644682191967029
2010,WHP,25.059686,-80.750669,0.178125,0.03,0.2417766605337703
2010,WHP,25.061407,-80.739862,0.15,0.02625,0.1404319773861656
2010,WHP,25.062506,-80.775138,0.534375,0.0075,0.503435884
2010,WHP,25.068543,-80.775538,0.53125,0,0.6726762152377294
2010,WHP,25.069139,-80.759884,0.53125,0.01875,0.4032669024116242
2010,WHP,25.069389,-80.742936,0.15,0.09,0.1684697593532681
2010,WHP,25.074122,-80.733496,0.135,0.16499999999999998,0.10598895086268771
2010,WHP,25.075801,-80.757074,0.378125,0,0.5977986880670672
2010,WHP,25.077159,-80.783536,0.409375,0.084375,0.39544338089527903
2010,WHP,25.077746,-80.744525,0.219375,0.0375,0.442228639
2010,WHP,25.077926,-80.727397,0.178125,0.12,0.12509906347169988
2010,WHP,25.079635,-80.757352,0.4125,0.01875,0.47193804460067934
2010,WHP,25.079667,-80.790141,0.355,0.15,0
2010,WHP,25.081458,-80.778496,0.38125,0.0675,0
2010,WHP,25.08376,-80.769883,0.105,0.155625,0
2010,WHP,25.084658,-80.741347,0.234375,0.01875,0.3990852807659242
2010,WHP,25.086144,-80.781693,0.46875,0.06375,0.305345281
2010,WHP,25.08674,-80.766,0.290625,0.099375,0.38107729228996196
2010,WHP,25.087127,-80.746509,0.31875,0.04875,0.375334795
2010,WHP,25.089982,-80.748305,0.290625,0.139375,0.4364931658469875
2010,WHP,25.093105,-80.779064,0.23249999999999998,0.11249999999999999,0.081802044
2011,JON,25.036457,-80.92528,0.53125,0.0525,0.37177377387614047
2011,JON,25.03863,-80.919866,0.5625,0.01875,0.8011712581789686
2011,JON,25.040396,-80.911248,0.53125,0.169375,0.4347738598687479
2011,JON,25.041665,-80.922433,0.5625,0.02625,0.7853876035221672
2011,JON,25.04292,-80.916682,0.5,0.06,0.5608649048448777
2011,JON,25.043138,-80.906614,0.5625,0.03375,0.46928036498607456
2011,JON,25.043958,-80.92739,0.5625,0.11624999999999999,0.7037045568726124
2011,JON,25.048859,-80.931587,0.5,0.10124999999999999,0.6483747869204773
2011,JON,25.04978,-80.909566,0.59375,0.045,0.5362200035446867
2011,JON,25.049872,-80.918983,0.59375,0.174375,0.5598488135527171
2011,JON,25.050577,-80.926906,0.59375,0.08625,0.48916716877417094
2011,JON,25.05159,-80.90575,0.5625,0.02625,0.5370942241397672
2011,JON,25.05347,-80.93822,0.5,0.0675,0.744436035
2011,JON,25.05461,-80.917819,0.53125,0.09375,0.4360337309215005
2011,JON,25.056076,-80.906414,0.53125,0.03,0.6515920580723114
2011,JON,25.056459,-80.936781,0.53125,0.088125,0.6586531289447751
2011,JON,25.057475,-80.922244,0.5625,0.0525,0.5263538684425214
2011,JON,25.057751,-80.930029,0.59375,0.041249999999999995,0.5499837154593015
2011,JON,25.05992,-80.903647,0.53125,0.0075,0.4999045807349819
2011,JON,25.060382,-80.932325,0.5625,0.075,0.4936208052903496
2011,JON,25.06093,-80.947256,0.5625,0.015,0.7717606602004229
2011,JON,25.060998,-80.925905,0.59375,0.03375,0.5990455315508701
2011,JON,25.061398,-80.938113,0.5625,0.06,0.44692607529298845
2011,JON,25.062035,-80.911194,0.59375,0.00375,0.7583378404301135
2011,JON,25.062284,-80.919216,0.59375,0.041249999999999995,0.5550223422953191
2011,JON,25.066066,-80.943295,0.5625,0.00375,0.6877715075917405
2011,JON,25.066872,-80.934523,0.625,0.06,0.5841899257201602
2011,JON,25.06772,-80.922337,0.46875,0.123125,0.6796463671081205
2011,JON,25.068645,-80.926903,0.5,0.0675,0.7502211196910409
2011,JON,25.06919,-80.93163,0.59375,0.01875,0.6101056107650542
2011,RAN,25.104923,-80.787165,0.15,0.041249999999999995,0.4577231996524758
2011,RAN,25.106335,-80.795205,0.20625,0.0225,0.24087503363595164
2011,RAN,25.10653,-80.78161,0.46875,0.125625,0.7278351518928605
2011,RAN,25.107021,-80.800814,0.40625,0.088125,0.5550720100448572
2011,RAN,25.108793,-80.805508,0.440625,0.015,0.5891540473768849
2011,RAN,25.10937,-80.77789,0.290625,0.06,0.33401506844119055
2011,RAN,25.112186,-80.790505,0.375,0.01875,0.4482010677589737
2011,RAN,25.112466,-80.783617,0.4375,0.015,0.4921891569935517
2011,RAN,25.11367,-80.798597,0.4375,0.015,0.4412407670494401
2011,RAN,25.115834,-80.803535,0.31875,0.03375,0.49076682144931066
2011,RAN,25.116109,-80.807391,0.471875,0.045,0.8222188840927389
2011,RAN,25.116843,-80.796474,0.46875,0.03,0.6781687470867223
2011,RAN,25.117302,-80.787911,0.346875,0.07125,0.5167112041126022
2011,RAN,25.1175,-80.81876,0.378125,0.06,0.7119578736094853
2011,RAN,25.11789,-80.78284,0.290625,0.09,0.22880746368675117
2011,RAN,25.117936,-80.813662,0.409375,0.0675,0.5719675293444888
2011,RAN,25.12171,-80.811885,0.378125,0.06375,0.6875659314916203
2011,RAN,25.122311,-80.799794,0.471875,0.04875,0.47041183346012494
2011,RAN,25.123343,-80.7912,0.53125,0.041249999999999995,0.5787213245166304
2011,RAN,25.124161,-80.806909,0.375,0.09,0.53497494
2011,RAN,25.12484,-80.819859,0.440625,0.03,0.7507306852515472
2011,RAN,25.126876,-80.815899,0.4375,0.041249999999999995,0.6114686385994313
2011,RAN,25.12803,-80.808118,0.40625,0.10875,0.8309678137965334
2011,RAN,25.128983,-80.801253,0.384375,0.0525,0.5289757919126614
2011,RAN,25.129126,-80.820575,0.409375,0.03,0.8299479598900712
2011,RAN,25.129606,-80.796257,0.35,0.12,0.45077608879729186
2011,RAN,25.132969,-80.811001,0.5,0.04875,0.7545412120717979
2011,RAN,25.134965,-80.819154,0.5,0.08625,0.7323592473277069
2011,RAN,25.138462,-80.815272,0.53125,0.075,0.9914931238617156
2011,WHP,25.033269,-80.764451,0.15,0.105,0.14551614996989795
2011,WHP,25.041161,-80.770675,0.15,0.12,0.26930556583585236
2011,WHP,25.047336,-80.754853,0.15,0.20625,0.22973728828245432
2011,WHP,25.054838,-80.756649,0.219375,0.06,0.341131947
2011,WHP,25.054893,-80.775259,0.178125,0.19125,0.17144384061771956
2011,WHP,25.055502,-80.760148,0.15,0.06,0.14933133750882308
2011,WHP,25.057426,-80.74254,0.056249999999999994,0.10124999999999999,0
2011,WHP,25.059795,-80.757427,0.234375,0.321875,0.17825282100259748
2011,WHP,25.05999,-80.77872,0.178125,0.105,0.27162293588802555
2011,WHP,25.060496,-80.745002,0.2625,0.02625,0.22413519818021538
2011,WHP,25.065096,-80.771061,0.409375,0.015,0.6852941733459285
2011,WHP,25.069302,-80.755862,0.31875,0.00375,0.3302693859180784
2011,WHP,25.07028,-80.78229,0.29375,0.0675,0
2011,WHP,25.070333,-80.761965,0.31875,0.01875,0.30489817142225006
2011,WHP,25.070443,-80.734662,0.46875,0.435625,0.5228905039919144
2011,WHP,25.073743,-80.74375,0.290625,0.03,0.25244902722584395
2011,WHP,25.076244,-80.773251,0.2625,0.07875,0
2011,WHP,25.078217,-80.738427,0.15,0.06,0.22602101310178555
2011,WHP,25.078488,-80.751373,0.15,0.10124999999999999,0.15680316756500284
2011,WHP,25.079621,-80.72472,0.234375,0.178125,0
2011,WHP,25.080584,-80.778007,0.321875,0.0525,0.1346119475327554
2011,WHP,25.082215,-80.769587,0.29375,0.11624999999999999,0.13732108067329277
2011,WHP,25.083958,-80.755489,0.20625,0.03,0.29413892745401066
2011,WHP,25.083986,-80.787636,0.5,0.0075,1
2011,WHP,25.086019,-80.784109,0.375,0.02625,0.20443368939598974
2011,WHP,25.086416,-80.741894,0.178125,0.06,0.2678178246053135
2011,WHP,25.086839,-80.762225,0.135,0.18,0.26818384400652645
2011,WHP,25.091379,-80.771458,0.234375,0.0675,0.11943157203371137
2011,WHP,25.091715,-80.756201,0.178125,0.07125,0.28736134182284073
2012,JON,25.035631,-80.918355,0.5625,0.07875,0.532168309
2012,JON,25.037019,-80.911717,0.40625,0.11624999999999999,0.38152153621058393
2012,JON,25.040134,-80.928674,0.440625,0.26625,0.35782648278664053
2012,JON,25.043519,-80.912229,0.40625,0.0525,0.3265796475604735
2012,JON,25.045372,-80.911612,0.35,0.015,0.2806028486779657
2012,JON,25.046126,-80.919623,0.4375,0.07125,0.2995933731865636
2012,JON,25.047052,-80.928482,0.5625,0.03375,0.4504900331297433
2012,JON,25.047673,-80.903774,0.325,0.03,0.3824000394484195
2012,JON,25.047988,-80.91291,0.265625,0.110625,0.3236517773241939
2012,JON,25.050532,-80.935493,0.46875,0.0075,0.34010721197427907
2012,JON,25.050944,-80.936317,0.409375,0.041249999999999995,0.42764366256437836
2012,JON,25.051191,-80.916029,0.415625,0.01875,0.4816021304591782
2012,JON,25.051802,-80.923697,0.5625,0.08625,0.2599475722657052
2012,JON,25.053076,-80.915514,0.20625,0.103125,0.33500402931566015
2012,JON,25.055218,-80.921595,0.5,0.06375,0.42635956199792907
2012,JON,25.055556,-80.935909,0.5625,0.0675,0.3628437760567038
2012,JON,25.058411,-80.928133,0.59375,0.02625,0.3141469344363157
2012,JON,25.059501,-80.908377,0.44375,0.00375,0.5107401748290947
2012,JON,25.059688,-80.91169,0.384375,0.105,0.4259321940102274
2012,JON,25.059834,-80.908112,0.4125,0.0225,0.5057928860567292
2012,JON,25.062433,-80.934785,0.5,0.121875,0.3138524438780558
2012,JON,25.063875,-80.919221,0.4125,0.144375,0.48685106157631114
2012,JON,25.064154,-80.944051,0.625,0.069375,0.7611085171393135
2012,JON,25.065001,-80.941047,0.625,0,0.7050820109746563
2012,JON,25.06505,-80.924645,0.5625,0.3325,0.46048618216054316
2012,JON,25.066878,-80.940544,0.625,0.22625,0.4236409817821381
2012,JON,25.067942,-80.935999,0.59375,0.181875,0.4780897269228436
2012,JON,25.068394,-80.921211,0.503125,0.215,0.4553051066958035
2012,RAN,25.103447,-80.792809,0.20625,0.03,0.3292973810186072
2012,RAN,25.105378,-80.801481,0.290625,0.01125,0.5535486342325717
2012,RAN,25.10603,-80.787856,0.234375,0.0225,0.2653311544398751
2012,RAN,25.106181,-80.783152,0.31875,0.0075,0.3095249506815251
2012,RAN,25.10905,-80.798595,0.375,0.0075,0.4044373027512326
2012,RAN,25.109476,-80.779033,0.290625,0.03,0.38479277853111177
2012,RAN,25.109965,-80.782991,0.378125,0.0225,0.5955090161155182
2012,RAN,25.113465,-80.805058,0.31875,0.0075,0.5286646134094457
2012,RAN,25.113624,-80.792577,0.321875,0.01125,0.41047302170865146
2012,RAN,25.114176,-80.815574,0.31875,0.01875,0.705214021
2012,RAN,25.115063,-80.793211,0.19125,0.04875,0.43518847236108316
2012,RAN,25.115651,-80.788712,0.2625,0.01125,0.3245207729515424
2012,RAN,25.115703,-80.821697,0.4375,0,0.8943279230028317
2012,RAN,25.116171,-80.805489,0.234375,0.015,0.39605948536236313
2012,RAN,25.119176,-80.782226,0.20625,0.0375,0.3497957718194659
2012,RAN,25.119816,-80.800834,0.4375,0.015,0.8643749674218536
2012,RAN,25.120473,-80.805656,0.346875,0,0.6395276137246266
2012,RAN,25.120677,-80.820725,0.471875,0.0075,0.976272974
2012,RAN,25.121095,-80.82411,0.4125,0.01125,0.6979677239056062
2012,RAN,25.12272,-80.789943,0.234375,0.015,0.3573397293231287
2012,RAN,25.12326,-80.811867,0.290625,0.0225,0.47553145621291554
2012,RAN,25.123386,-80.795683,0.290625,0.01875,0.5421540360636219
2012,RAN,25.12575,-80.79408,0.625,0.00375,0.9362157131981579
2012,RAN,25.129082,-80.806809,0.09,0.09375,0.1085531135495411
2012,RAN,25.130927,-80.820495,0.4375,0.015,0.8715901750041766
2012,RAN,25.131022,-80.814561,0.045,0.234375,0.048685949
2012,RAN,25.131718,-80.800286,0.4375,0.03375,0.5737541413819988
2012,RAN,25.132314,-80.817153,0.105,0.204375,0.22597803601992925
2012,RAN,25.135615,-80.81393,0.015,0.219375,0
2012,RAN,25.138103,-80.815863,0.01125,0.21,0
2012,WHP,25.040905,-80.763717,0.2625,0.015,0.36680162120328086
2012,WHP,25.047841,-80.767606,0.15,0.0075,0.16867328785929858
2012,WHP,25.049814,-80.760406,0.12,0.09,0.11424561355423368
2012,WHP,25.052914,-80.768725,0.15,0.0075,0.2001538346198521
2012,WHP,25.054791,-80.770712,0.15,0.015,0.17719970680915687
2012,WHP,25.058517,-80.75363,0.22875,0.285,0.3495690304027971
2012,WHP,25.058653,-80.770284,0.290625,0.00375,0.45129337821652604
2012,WHP,25.059039,-80.743613,0.15,0.03,0.14294002342952122
2012,WHP,25.062469,-80.777891,0.31875,0.335,0.5126777254374894
2012,WHP,25.064718,-80.741554,0.409375,0.0225,0.41681064939781165
2012,WHP,25.064876,-80.753621,0.178125,0.02625,0.15694246144631438
2012,WHP,25.067043,-80.748358,0.20625,0.01875,0.2176642106324141
2012,WHP,25.070713,-80.774198,0.15,0.075,0.3116945745224701
2012,WHP,25.071603,-80.767961,0.20625,0.01125,0.3352826085508347
2012,WHP,25.071768,-80.752123,0.19125,0.00375,0.22809367393190066
2012,WHP,25.073262,-80.740102,0.15,0.0525,0.14997515845625017
2012,WHP,25.074603,-80.786471,0.20625,0.00375,0.6543590006066743
2012,WHP,25.076155,-80.734121,0.12,0.09,0.11938029173995442
2012,WHP,25.077144,-80.740123,0.12,0.03,0.10796086029233237
2012,WHP,25.078647,-80.782599,0.178125,0.015,0.5238593326828336
2012,WHP,25.08012,-80.763869,0.2625,0.0225,0.2832885827465279
2012,WHP,25.080298,-80.731961,0.135,0.041249999999999995,0.2061309616552738
2012,WHP,25.080728,-80.785039,0.178125,0.03,0.2765260316892745
2012,WHP,25.081822,-80.748566,0.135,0.02625,0.23152261904816673
2012,WHP,25.084151,-80.755408,0.353125,0,0.4016355185175757
2012,WHP,25.086433,-80.774514,0.15,0.144375,0.4659593149142884
2012,WHP,25.0868,-80.746016,0.178125,0.0525,0.22568797821943157
2012,WHP,25.087993,-80.756229,0.20625,0.01125,0.24080348070127786
2012,WHP,25.088051,-80.779671,0.20625,0.01125,0.5916706936890734
2012,WHP,25.090488,-80.766062,0.178125,0.0975,0.26293291931453106
2014,JON,25.036812,-80.914253,0.53125,0.01875,0.377326681
2014,JON,25.037908,-80.92384,0.40625,0.0225,0.4597794282506984
2014,JON,25.041704,-80.906696,0.40625,0.00375,0.1964259863172615
2014,JON,25.041803,-80.918829,0.4375,0.00375,0.3297118379107806
2014,JON,25.042921,-80.91314,0.4375,0.0225,0.25820452573119607
2014,JON,25.045264,-80.929314,0.53125,0.07125,0.347479797
2014,JON,25.046153,-80.92129,0.4375,0.041249999999999995,0.24753120651879246
2014,JON,25.049699,-80.908955,0.378125,0.0075,0.3652633853332736
2014,JON,25.049711,-80.915798,0.4375,0.01125,0.33517672248502345
2014,JON,25.049934,-80.90625,0.378125,0.0525,0.28417261904222385
2014,JON,25.050332,-80.923713,0.53125,0.015,0.3939065161311801
2014,JON,25.051165,-80.93493,0.59375,0.06375,0.2973070683810729
2014,JON,25.052559,-80.937759,0.5625,0.00375,0.3148613006792927
2014,JON,25.053487,-80.933775,0.5,0.01125,0.3430321177245438
2014,JON,25.054947,-80.922798,0.53125,0.02625,0.3980817065695019
2014,JON,25.055588,-80.909493,0.5,0,0.3340530122329143
2014,JON,25.055974,-80.91248,0.59375,0.01875,0.2990302845479474
2014,JON,25.059127,-80.928716,0.625,0,0.39742716683198676
2014,JON,25.059628,-80.913247,0.5,0,0.30545897605788974
2014,JON,25.060041,-80.920312,0.53125,0.015,0.3953268864776529
2014,JON,25.062081,-80.936777,0.59375,0,0.38473289302677754
2014,JON,25.0622,-80.902958,0.4375,0.01125,0.2867442633122113
2014,JON,25.062711,-80.946042,0.65625,0.03,0.36887815489412334
2014,JON,25.064196,-80.934679,0.65625,0.00375,0.49394768788259963
2014,JON,25.067521,-80.940101,0.75,0,0.3939701349897485
2014,JON,25.067637,-80.920087,0.59375,0.0075,0.5393335303238493
2014,JON,25.068402,-80.927926,0.625,0,0.436740729
2014,JON,25.06908,-80.932888,0.5625,0,0.6042918465162956
2014,JON,25.070703,-80.93295,0.40625,0,0.8495226316967049
2014,RAN,25.104281,-80.793017,0.178125,0.03375,0.1924923553700594
2014,RAN,25.105227,-80.788655,0.234375,0.015,0.1717742384185871
2014,RAN,25.10581,-80.78313,0.346875,0.121875,0.26434519178366617
2014,RAN,25.107801,-80.801821,0.346875,0.00375,0.25679071136988046
2014,RAN,25.110072,-80.807241,0.40625,0.0075,0.5461032616137472
2014,RAN,25.110076,-80.778629,0.31875,0.0675,0.2877464572606677
2014,RAN,25.110294,-80.796887,0.31875,0.0225,0.25807110229803587
2014,RAN,25.11199,-80.78107,0.46875,0.0525,0.4312392741188341
2014,RAN,25.112764,-80.793335,0.346875,0.03375,0.2092063565894311
2014,RAN,25.112917,-80.782634,0.290625,0.0675,0.19304102477277524
2014,RAN,25.114031,-80.794757,0.346875,0.0075,0.3346528913084401
2014,RAN,25.11513,-80.789439,0.31875,0.045,0.2782244041398861
2014,RAN,25.117571,-80.799868,0.375,0.015,0.5233261304808147
2014,RAN,25.118081,-80.816974,0.346875,0.02625,0.3061057433295486
2014,RAN,25.119183,-80.807679,0.375,0.00375,0.5489146064399355
2014,RAN,25.120174,-80.821925,0.46875,0.0225,0.6192132163429899
2014,RAN,25.12031,-80.80024,0.4375,0.0075,0.5617601534810686
2014,RAN,25.120461,-80.807281,0.346875,0.0375,0.3431676850804078
2014,RAN,25.122068,-80.815158,0.40625,0.01125,0.4179871209002813
2014,RAN,25.122837,-80.824782,0.275625,0.110625,0.5730971268542986
2014,RAN,25.123295,-80.816007,0.40625,0.01875,0.4189735707470106
2014,RAN,25.124859,-80.790415,0.375,0.0825,0.4703537478064798
2014,RAN,25.125965,-80.815989,0.40625,0.00375,0.8964750077864959
2014,RAN,25.126226,-80.794864,0.375,0.015,0.4159532120349473
2014,RAN,25.12711,-80.82045,0.40625,0.03,0.7723275349309002
2014,RAN,25.128197,-80.806764,0.290625,0.045,0.4515078846691752
2014,RAN,25.130324,-80.798948,0.31875,0.0375,0.7424471699872395
2014,RAN,25.132989,-80.80927,0.346875,0.153125,0.6294769819208954
2014,RAN,25.137071,-80.819619,0.20625,0.18,0.24243823896126362
2014,WHP,25.040302,-80.764586,0.12,0.0825,0.084534404
2014,WHP,25.044497,-80.757222,0.105,0.03,0.082490303
2014,WHP,25.045857,-80.769354,0.12,0,0.074915931
2014,WHP,25.05175,-80.763568,0.105,0.09375,0.076395629
2014,WHP,25.052313,-80.775032,0.105,0.11249999999999999,0.26234430711129464
2014,WHP,25.054528,-80.745431,0.135,0.075,0.11545579797836157
2014,WHP,25.059286,-80.779643,0.20625,0.03,0.49584665827903346
2014,WHP,25.059432,-80.753037,0.12,0.03375,0.074842427
2014,WHP,25.061018,-80.758582,0.135,0.03,0.08536025
2014,WHP,25.061699,-80.773342,0.47625,0.0075,0.26040973034749065
2014,WHP,25.062706,-80.739503,0.20625,0.0075,0.18482898904256886
2014,WHP,25.06525,-80.747377,0.135,0.00375,0.10072444914617103
2014,WHP,25.068001,-80.763906,0.19125,0.02625,0.18394214455591051
2014,WHP,25.069118,-80.780793,0.178125,0.0375,0.16132228866612958
2014,WHP,25.070025,-80.737238,0.15,0.0075,0.12167997881956225
2014,WHP,25.07086,-80.750299,0.15,0,0.086160234
2014,WHP,25.074969,-80.739279,0.20625,0.08625,0.1886965605183679
2014,WHP,25.076108,-80.769274,0.2625,0.01125,0.45255918463848344
2014,WHP,25.077708,-80.741553,0.135,0.075,0.14829353647706156
2014,WHP,25.07779,-80.773963,0.290625,0.0225,0.2618250310464056
2014,WHP,25.079347,-80.79138,0.53125,0.0075,0.5279749857445416
2014,WHP,25.080211,-80.75086,0.2625,0.00375,0.20027614626302914
2014,WHP,25.080371,-80.727104,0.15,0.06375,0.14726623602606617
2014,WHP,25.082087,-80.757596,0.15,0.10875,0.1314319440853997
2014,WHP,25.083392,-80.780652,0.31875,0.0075,0.6900293439757198
2014,WHP,25.08846,-80.74524,0.2625,0.11624999999999999,0.222411481
2014,WHP,25.090141,-80.787521,0.35,0.125625,0.4633602768444384
2014,WHP,25.093584,-80.760151,0.234375,0.045,0.22796922605598097
2014,WHP,25.093862,-80.774398,0.219375,0.02625,0.4579439526013794
2014,WHP,25.094512,-80.754084,0.409375,0,0.45295260183034497
2015,JON,25.03570877,-80.92817168,0.65625,0,0.4185298386912023
2015,JON,25.03580021,-80.91084154,0.53125,0.01875,0.34789910909074706
2015,JON,25.03824611,-80.91673173,0.5,0.01875,0.4405430985756312
2015,JON,25.04391568,-80.92782169,0.59375,0.01125,0.6563917345095931
2015,JON,25.04494338,-80.91954796,0.5,0.01875,0.6239348160541102
2015,JON,25.04613315,-80.91027055,0.29375,0.091875,0.4270794653809254
2015,JON,25.04639356,-80.91895913,0.40625,0,0.5395755816973381
2015,JON,25.04726575,-80.91472964,0.178125,0.15375,0.6379622779949692
2015,JON,25.04762464,-80.90415629,0.75,0,0.6192342103376639
2015,JON,25.05103869,-80.9225708,0.53125,0.0075,0.5020367158678942
2015,JON,25.05128982,-80.91481569,0.5,0.04875,0.35230074745359363
2015,JON,25.05152119,-80.9292418,0.59375,0.04875,0.7270476632110552
2015,JON,25.05174383,-80.93697646,0.6875,0.03,0.5102993365432922
2015,JON,25.05333095,-80.93070811,0.53125,0.08625,0.4655902833260617
2015,JON,25.05551686,-80.9179348,0.625,0,0.45263768430474893
2015,JON,25.05566356,-80.91892352,0.59375,0.04875,0.44197892259789623
2015,JON,25.05690106,-80.90667829,0.4375,0.00375,0.3907075091357726
2015,JON,25.05882366,-80.93538789,0.44375,0.03375,0.5815054831482016
2015,JON,25.05967572,-80.93410168,0.5,0.0375,0.7638823268587368
2015,JON,25.06036071,-80.91754121,0.40625,0.01125,0.3907726528239507
2015,JON,25.06125283,-80.94200055,0.5,0.204375,0.43858475927885093
2015,JON,25.06149031,-80.91147504,0.40625,0.07125,0.48061586107457244
2015,JON,25.06197775,-80.9430718,0.5625,0.041249999999999995,0.580983741
2015,JON,25.06271516,-80.9059665,0.53125,0,0.3834244755985417
2015,JON,25.06353103,-80.9291348,0.65625,0,0.8576498882847908
2015,JON,25.06637809,-80.94259673,0.59375,0.1125,0.8165898759982886
2015,JON,25.06736015,-80.92347864,0.65625,0,0.7290702364474352
2015,JON,25.06764857,-80.93940545,0.6875,0.06,0.7008385996207981
2015,JON,25.06919429,-80.93027975,0.625,0,0.7008015260583611
2015,JON,25.07305032,-80.93172165,0.353125,0.353125,0.5341656471833766
2015,RAN,25.10265495,-80.79325496,0.4375,0.03375,0.24818606388140535
2015,RAN,25.103436,-80.80376829,0.234375,0.28,0.31481114
2015,RAN,25.10398209,-80.78650373,0.31875,0.0375,0.3039426193697048
2015,RAN,25.10442629,-80.78349027,0.40625,0.00375,0.3910214875776621
2015,RAN,25.10925243,-80.7909813,0.321875,0.01875,0.2636456874756386
2015,RAN,25.10970808,-80.781154,0.53125,0.0075,0.46829727768380236
2015,RAN,25.11063876,-80.8077648,0.40625,0.193125,0.5115954400977875
2015,RAN,25.11321436,-80.79731778,0.35,0.0225,0.3030917001640784
2015,RAN,25.11371387,-80.77724986,0.38125,0.04875,0.4983281760958313
2015,RAN,25.1144683,-80.8214073,0.306875,0.19125,0.5972517372685805
2015,RAN,25.1148491,-80.77958274,0.20625,0.20375,0.3609137698586404
2015,RAN,25.11734906,-80.81595735,0.46875,0.166875,0.637121862
2015,RAN,25.11792043,-80.78591015,0.35,0.03,0.23974724902403602
2015,RAN,25.1180321,-80.80322732,0.31875,0.06,0.2820362102291164
2015,RAN,25.1191072,-80.80882163,0.346875,0.09,0.5602502176452755
2015,RAN,25.1204262,-80.79424033,0.375,0.10875,0.43273390163924985
2015,RAN,25.12131792,-80.80357052,0.5,0.075,0.4650536470734254
2015,RAN,25.12133195,-80.79635187,0.375,0.0525,0.4645957708081742
2015,RAN,25.12144647,-80.79023216,0.31875,0.06,0.3640558403760397
2015,RAN,25.12185678,-80.8265944,0.20625,0.35,0.6450163494656764
2015,RAN,25.12384774,-80.81003646,0.234375,0.088125,0.4230718934762354
2015,RAN,25.12938511,-80.81595531,0.471875,0.133125,0.6820062185286103
2015,RAN,25.12959128,-80.80648078,0.409375,0.135,0.8219870822341289
2015,RAN,25.13047734,-80.79332591,0.290625,0.178125,0.4321595710850881
2015,RAN,25.13188925,-80.80261015,0.234375,0.135,0.4599816976460521
2015,RAN,25.135711,-80.8104049,0.234375,0.234375,0
2015,RAN,25.13718458,-80.82063657,0.353125,0.281875,0.5685601807379302
2015,RAN,25.14082504,-80.81515377,0.178125,0.5625,0
2015,WHP,25.03663483,-80.75938855,0.178125,0.135,0.32781640950652263
2015,WHP,25.04472549,-80.75567227,0.178125,0.075,0.19287685156720685
2015,WHP,25.04723686,-80.76778205,0.15,0.0225,0.1298003777935001
2015,WHP,25.05090773,-80.74874893,0.2625,0.00375,0.2814091119126036
2015,WHP,25.05108866,-80.7766632,0.290625,0.178125,0.27504468109866886
2015,WHP,25.05381201,-80.76551892,0.15,0.4375,0.13070342220392764
2015,WHP,25.0578243,-80.74272941,0.133125,0.075,0.21605403026169281
2015,WHP,25.06203897,-80.74221562,0.234375,0.06,0.1341125835962587
2015,WHP,25.06406488,-80.78324657,0.2625,0.09,0.23684009327492164
2015,WHP,25.06545525,-80.75306945,0.178125,0.0225,0.10837970002408387
2015,WHP,25.0659387,-80.76572414,0.20625,0.09,0.3221205966732445
2015,WHP,25.06769633,-80.76019335,0.4375,0,0.33467020549714144
2015,WHP,25.06949311,-80.74929778,0.20625,0.02625,0.18301401817232693
2015,WHP,25.07074186,-80.78331504,0.31875,0.015,0.33705878376112874
2015,WHP,25.07231818,-80.763576,0.20625,0.045,0.3237526855667483
2015,WHP,25.07513667,-80.7706387,0.2625,0.075,0.31123885766577974
2015,WHP,25.07595013,-80.74310594,0.178125,0.03,0.1136790353743908
2015,WHP,25.07761585,-80.7321076,0.178125,0.15,0.22833021908059076
2015,WHP,25.07772215,-80.72813795,0.178125,0.135,0.22945095269469354
2015,WHP,25.07836887,-80.77234022,0.2625,0.056249999999999994,0.4310702271863331
2015,WHP,25.0786332,-80.79183405,0.5625,0.01125,0.5499987542952731
2015,WHP,25.07935461,-80.77826297,0.2625,0.02625,0.517381097
2015,WHP,25.08076163,-80.7478929,0.2625,0.12,0.21187403903499316
2015,WHP,25.08318998,-80.75855812,0.2625,0.0825,0.28195977320295473
2015,WHP,25.08380106,-80.73983417,0.15,0.12,0.096520743
2015,WHP,25.08710342,-80.75682649,0.290625,0.0075,0.39441642618349393
2015,WHP,25.08851041,-80.78740325,0.4375,0.0525,0.7267312005509047
2015,WHP,25.09080805,-80.76013117,0.290625,0.04875,0.39693010060710654
2015,WHP,25.09252378,-80.76959916,0.31875,0.03,0.45761527421456544
2015,WHP,25.09297999,-80.73839514,0.2625,0.196875,0.26919902525463135
2016,JON,25.03447674,-80.91149166,0.31875,0.08625,0.42599846893258453
2016,JON,25.03747744,-80.92344816,0.484375,0.169375,0.5748464577817862
2016,JON,25.03999256,-80.92041003,0.4375,0.0225,0.6642981085866804
2016,JON,25.04183978,-80.92624642,0.0825,0.6125,0.21299054976783155
2016,JON,25.04193481,-80.90623404,0.194375,0.18562499999999998,0.3181876323872427
2016,JON,25.04218847,-80.91680182,0.5625,0.0825,0.8186049417662687
2016,JON,25.04621447,-80.92212235,0.2,0.15,0.5195953921030539
2016,JON,25.05034813,-80.92043811,0.02625,0.38875,0.05208532
2016,JON,25.05086327,-80.91240738,0.59375,0.065625,0.7248233787823315
2016,JON,25.0509343,-80.93496691,0.04875,0.336875,0.057564087
2016,JON,25.05225858,-80.90399495,0.0525,0.97875,0.080709736
2016,JON,25.0530432,-80.93926076,0.5625,0.18,0.5663230688476787
2016,JON,25.0553363,-80.93193899,0.250625,0.2675,0.4420695517077715
2016,JON,25.0554748,-80.93834167,0,0.06,0
2016,JON,25.05629217,-80.91607831,0.0525,0.360625,0.03935177
2016,JON,25.05919912,-80.9477019,0.338125,0.35,0.5465172874078662
2016,JON,25.05933088,-80.90944468,0.02625,0.080625,0
2016,JON,25.06003359,-80.92461218,0.303125,0.1625,0.6035370790778282
2016,JON,25.06124619,-80.91715121,0.0525,0.03375,0
2016,JON,25.0627127,-80.93197175,0,0,0
2016,JON,25.06298285,-80.91335711,0.0225,0.03375,0
2016,JON,25.06362149,-80.9021967,0.0225,0.2825,0
2016,JON,25.06468791,-80.94072941,0.40625,0.0825,0.8476402256933101
2016,JON,25.06673473,-80.9347765,0.409375,0.01875,0.5561978547847551
2016,JON,25.06825281,-80.94212829,0.471875,0.109375,0.579338189
2016,JON,25.06865344,-80.92745264,0.40625,0.03,0.7797378021011133
2016,JON,25.06913282,-80.92489376,0.4375,0.0225,0.8961967825781346
2016,JON,25.0757082,-80.93153434,0.20625,0.56875,0.7156736034698922
2016,RAN,25.10329005,-80.78140517,0.321875,0.135,0.3591458039242259
2016,RAN,25.10366069,-80.78782693,0.2475,0.09,0.18692982872049785
2016,RAN,25.10669693,-80.79934094,0.18562499999999998,0.15375,0.046775634
2016,RAN,25.1076091,-80.78416211,0.056249999999999994,0.0675,0
2016,RAN,25.10772819,-80.79587397,0.290625,0.07875,0.2705492183360447
2016,RAN,25.10922155,-80.80550217,0.204375,0.15375,0
2016,RAN,25.11106838,-80.79138624,0.15,0.041249999999999995,0.090617737
2016,RAN,25.11241997,-80.80135595,0.09,0.09375,0
2016,RAN,25.11332489,-80.77624602,0.09,0.105,0.073590601
2016,RAN,25.11451607,-80.81706438,0.0675,0.26625,0
2016,RAN,25.11451935,-80.80299197,0.135,0.07875,0.021340155138446584
2016,RAN,25.11569747,-80.78935479,0.12,0.0525,0
2016,RAN,25.11641825,-80.78168848,0.20625,0.07125,0.16027904561012535
2016,RAN,25.1175119,-80.79631906,0.01875,0.01875,0
2016,RAN,25.11939857,-80.81232139,0.03375,0.2175,0
2016,RAN,25.12041702,-80.82482516,0.095625,0.25625,0.10426027524118782
2016,RAN,25.1244092,-80.79007924,0.105,0.075,0.072908172
2016,RAN,25.13176166,-80.79641443,0.01125,0.02625,0
2016,RAN,25.14062915,-80.81809182,0.133125,0.04875,0.019890226733096626
2016,WHP,25.03832935,-80.76595853,0.15,0.256875,0.1758136386780803
2016,WHP,25.04172475,-80.76810805,0.178125,0.13874999999999998,0.1526297087222381
2016,WHP,25.04261,-80.7628,0.15,0.105,0.21210756209630255
2016,WHP,25.05117929,-80.74556591,0.4375,0.0525,0.41703183392508325
2016,WHP,25.05147,-80.75784,0.178125,0.20625,0.19917129305884787
2016,WHP,25.05433323,-80.76276268,0.178125,0.15,0.21426878860776633
2016,WHP,25.05623533,-80.77510548,0.15,0.045,0.2199328527810582
2016,WHP,25.05981156,-80.76948963,0.35,0.0075,0.27414430323593014
2016,WHP,25.06158842,-80.78067086,0.290625,0.12,0.4412372950243689
2016,WHP,25.06298011,-80.75298687,0.234375,0.15,0.247745302
2016,WHP,25.06584613,-80.76279167,0.55,0,0.5325695138378657
2016,WHP,25.06634494,-80.73733062,0.5,0.08625,0.6185214776287307
2016,WHP,25.06923,-80.78228,0.44375,0.00375,0.456995509
2016,WHP,25.06930099,-80.77603112,0.20625,0.03,0.28944717785773355
2016,WHP,25.07003907,-80.74687422,0.178125,0.163125,0.22028605623773848
2016,WHP,25.0710681,-80.75057567,0.40625,0.00375,0.45508427263031487
2016,WHP,25.07421216,-80.75946178,0.46,0.050625,0.4968408025212523
2016,WHP,25.07544372,-80.73519165,0.15,0.34125,0.2489882341743432
2016,WHP,25.07797995,-80.7566666,0.440625,0.0075,0.494405209
2016,WHP,25.07906852,-80.72904164,0.15,0.503125,0.26912822376280165
2016,WHP,25.07934478,-80.76663731,0.46875,0.01875,0.6586852973240193
2016,WHP,25.08060091,-80.7428127,0.178125,0.19125,0.2594737589506607
2016,WHP,25.08151265,-80.7475002,0.46875,0.0375,0.4309431594965023
2016,WHP,25.08170343,-80.77465461,0.409375,0,0.6454221201571034
2016,WHP,25.08603081,-80.78868882,0.0375,0.15562499999999999,0
2016,WHP,25.08666675,-80.77804774,0.409375,0.0075,0.8171517159562875
2016,WHP,25.08789,-80.74473,0.53125,0.01875,0.536282333
2016,WHP,25.08919822,-80.78392611,0.40625,0.04875,0.7081126695700757
2016,WHP,25.09334349,-80.76054036,0.5625,0,0.4743892093750713
2016,WHP,25.09363525,-80.75578322,0.5,0.01125,0.411991695
2017,JON,25.03617406,-80.91469334,0.75,0,0.4020638064136096
2017,JON,25.0362331,-80.92842282,0.290625,0.148125,0.21153014801512385
2017,JON,25.039622,-80.91932283,0.65625,0,0.6421981460242129
2017,JON,25.04137097,-80.92698188,0.534375,0.105,0
2017,JON,25.04335954,-80.91660523,0.59375,0.075,0.721910962
2017,JON,25.04359567,-80.92339767,0.409375,0.041249999999999995,0.718183112
2017,JON,25.04437017,-80.9088334,0.59375,0.01875,0.6997365641564884
2017,JON,25.04694,-80.90331,0.625,0.06,0.41919565814723125
2017,JON,25.04842318,-80.91745733,0.35,0.115625,0.49936214321862976
2017,JON,25.05139706,-80.92910603,0.065625,0.5856250000000001,0.038091580830210116
2017,JON,25.05232177,-80.93074873,0.045,0.6693749999999999,0.018426546453640454
2017,JON,25.05247566,-80.9379922,0.09375,0.46,0.060671738070902814
2017,JON,25.05509849,-80.92664759,0.46,0.091875,0.3384763202696412
2017,JON,25.05510092,-80.93897531,0,0.609375,0
2017,JON,25.05735266,-80.91434066,0.34125,0.35625,0.5186522710290001
2017,JON,25.0580515,-80.92388501,0.06,0.056249999999999994,0
2017,JON,25.05876685,-80.93259444,0.2375,0.01875,0.32447070657836724
2017,JON,25.06147158,-80.94051733,0.2625,0.09375,0.5246086406745532
2017,JON,25.06194595,-80.90477226,0.29375,0.396875,0.19923773285218246
2017,JON,25.06294334,-80.94584486,0.478125,0,0.8947761822816432
2017,JON,25.06408079,-80.90918347,0.11249999999999999,0.1575,0.072483991
2017,JON,25.06510038,-80.94381167,0.129375,0,0.28102846988021135
2017,JON,25.06863171,-80.93360159,0.135,0.0975,0.193891095
2017,JON,25.07036546,-80.92894764,0.163125,0.140625,0.27760017068075404
2017,JON,25.07513294,-80.93369035,0.2375,0.33125,0
2017,RAN,25.1034,-80.78455,0.290625,0.27,0.12743063716867856
2017,RAN,25.10434714,-80.78606299,0.346875,0.144375,0.21702462396228944
2017,RAN,25.1047308,-80.79787384,0.178125,0.631875,0.23442062716649364
2017,RAN,25.10673,-80.80178,0.20625,0.618125,0.17029376065438556
2017,RAN,25.10813092,-80.7916839,0.346875,0.28125,0.3310143505441275
2017,RAN,25.11117709,-80.77978192,0.31875,0.335,0.050403737950136966
2017,RAN,25.11295607,-80.78232034,0.2375,0.23249999999999998,0.080703747
2017,RAN,25.11329033,-80.79711539,0.40625,0.196875,0.062020389
2017,RAN,25.11527636,-80.80139065,0.40625,0.11624999999999999,0
2017,RAN,25.11549602,-80.77842903,0.321875,0.39125,0.097098406
2017,RAN,25.1156936,-80.81859659,0.095625,0.283125,0
2017,RAN,25.11638757,-80.79761666,0.219375,0.163125,0.014083062
2017,RAN,25.11970249,-80.78853705,0.35,0.11249999999999999,0.09860244
2017,RAN,25.12239995,-80.79361383,0.38125,0.015,0.081134402
2017,RAN,25.12314543,-80.8252759,0.00375,0.561875,0
2017,RAN,25.1257183,-80.79484594,0.40625,0.12,0
2017,RAN,25.12781203,-80.80973189,0.041249999999999995,0.10124999999999999,0
2017,RAN,25.13456365,-80.81147427,0.375,0.06,0
2017,RAN,25.13665708,-80.81610162,0.4375,0.08625,0
2017,RAN,25.13850789,-80.81579907,0.375,0.110625,0
2017,WHP,25.03876014,-80.76703862,0.234375,0.469375,0.33585815190266727
2017,WHP,25.0477614,-80.7721446,0.20625,0.0225,0.19185396269408764
2017,WHP,25.04844024,-80.75959712,0.15,0.19125,0.2272299497794196
2017,WHP,25.0509807,-80.74484986,0.46,0.056249999999999994,0.3378201791800808
2017,WHP,25.0513,-80.77628,0.53125,0.0825,0.3641759276385147
2017,WHP,25.05461796,-80.76101544,0.20625,0.105,0.27196754786144794
2017,WHP,25.05929,-80.75394,0.5,0.18,0.4983058047289423
2017,WHP,25.06103799,-80.75690831,0.20625,0.084375,0.18905597920451064
2017,WHP,25.06213186,-80.77027152,0.321875,0.13875,0.21430796712171107
2017,WHP,25.06256431,-80.74518339,0.178125,0.06,0.2276581820930507
2017,WHP,25.06360281,-80.74068896,0.71875,0,0.6700732430004982
2017,WHP,25.06513997,-80.77546733,0.53125,0.07875,0.4650292198136005
2017,WHP,25.06796773,-80.75508536,0.31875,0.09,0.2199202051688707
2017,WHP,25.06900552,-80.74302538,0.234375,0.135,0.2689811679001013
2017,WHP,25.07082356,-80.77068106,0.135,0.041249999999999995,0.18778422688484306
2017,WHP,25.07113068,-80.78679636,0.2625,0.4975,0.32824862253982245
2017,WHP,25.07392361,-80.73417879,0.2625,0.045,0.25145101832706657
2017,WHP,25.07430797,-80.76790098,0.35,0.01875,0.275420336
2017,WHP,25.07559914,-80.77883413,0.234375,0,0.29532430586113434
2017,WHP,25.07638808,-80.72906696,0.178125,0.10124999999999999,0.37822470550816567
2017,WHP,25.07651481,-80.75677296,0.15,0.02625,0.12036274745599984
2017,WHP,25.07701462,-80.76821879,0.178125,0.06375,0.20620021766560992
2017,WHP,25.07947677,-80.78929132,0.409375,0.179375,0.5155924450036926
2017,WHP,25.08025291,-80.75216883,0.178125,0.0075,0.17806502707895283
2017,WHP,25.08133981,-80.73308225,0.178125,0.09,0.16930231207597723
2017,WHP,25.087378,-80.78634045,0.35,0.00375,0.5467344797738828
2017,WHP,25.08975421,-80.74635248,0.290625,0.0375,0.23295642559711657
2017,WHP,25.09080547,-80.77765761,0.35,0.0825,0.4402591220280163
2017,WHP,25.09218187,-80.7559278,0.178125,0.07125,0.24008888893389851
2017,WHP,25.09491592,-80.76306322,0.178125,0.056249999999999994,0.2295285378439157
2018,JON,25.034389,-80.918701,0.4375,0.15375,0.44017492061619257
2018,JON,25.038594,-80.914252,0.4375,0.0525,0.6513748593465039
2018,JON,25.040205,-80.927163,0.35,0.0675,0
2018,JON,25.040847,-80.913935,0.409375,0.0375,0.52970421
2018,JON,25.045959,-80.921264,0.234375,0.056249999999999994,0.2535224225856128
2018,JON,25.046196,-80.909197,0.59375,0.00375,0.7700176043785663
2018,JON,25.047288000000002,-80.912437,0.46875,0.01875,0.6892367441729076
2018,JON,25.047617,-80.921451,0.35,0.06,0.25326521596584217
2018,JON,25.048225,-80.90194,0.321875,0.326875,0.35652327268003065
2018,JON,25.052047,-80.939765,0.4375,0.14375,0.3778252589493788
2018,JON,25.055174,-80.930219,0.20375,0,0.14120093320536123
2018,JON,25.058379,-80.913327,0.4375,0,0.026868648649845235
2018,JON,25.058642,-80.906619,0.46875,0.00375,0.28088723948107425
2018,JON,25.060072,-80.932719,0.09,0.01875,0
2018,JON,25.061585,-80.949671,0.353125,0.01875,0.5085175480743167
2018,JON,25.062498,-80.922606,0.363125,0.19125,0
2018,JON,25.064085,-80.909999,0.5,0.00375,0.32886418694703273
2018,JON,25.064216,-80.906933,0.46875,0.0075,0.3109488546473482
2018,JON,25.064619,-80.935801,0.0375,0.07125,0.026196903
2018,JON,25.065386,-80.93866,0.22375,0.0375,0.011940707256026167
2018,JON,25.067671,-80.940913,0.03375,0.00375,0
2018,JON,25.069589,-80.92682,0.073125,0.0075,0
2018,RAN,25.101404,-80.78793,0.4375,0.01875,0.34209168422948233
2018,RAN,25.103008,-80.784272,0.409375,0.1575,0.2973773484736203
2018,RAN,25.104538,-80.791521,0.40625,0.01875,0.4564013641454605
2018,RAN,25.105512,-80.799354,0.384375,0.21,0.096057706
2018,RAN,25.112059,-80.801505,0.2625,0.221875,0
2018,RAN,25.112778,-80.778458,0.40625,0.09375,0.20581687686179326
2018,RAN,25.113627,-80.793626,0.40625,0.045,0.031667384
2018,RAN,25.113759,-80.794904,0.346875,0.16125,0.045115012523062034
2018,RAN,25.116397,-80.813781,0.534375,0.0225,0
2018,RAN,25.117908,-80.784308,0.378125,0.0525,0.16685352556237798
2018,RAN,25.119728,-80.78891,0.40625,0.075,0.24091548725398867
2018,RAN,25.121874,-80.789386,0.440625,0.10875,0.11628729074326909
2018,RAN,25.12701,-80.79494,0.40625,0.01875,0
2018,RAN,25.140292,-80.817865,0.353125,0.096875,0.14587787463037966
2018,WHP,25.039329,-80.760714,0.29375,0.03,0.2567431250055224
2018,WHP,25.04085,-80.75686,0.178125,0.36625,0.2424834951292564
2018,WHP,25.042986,-80.765434,0.20625,0.045,0.14777346112845482
2018,WHP,25.048073,-80.774212,0.163125,0.0525,0.1451111388083609
2018,WHP,25.049829,-80.753243,0.15,0.01125,0.12770727497377243
2018,WHP,25.051741,-80.765422,0.11624999999999999,0.03375,0.094244561
2018,WHP,25.053348,-80.748231,0.15,0.15,0.17406258046858927
2018,WHP,25.06256,-80.78056,0.2625,0.18562499999999998,0.2889195573180197
2018,WHP,25.065409,-80.757883,0.20625,0.0225,0.40411884620378985
2018,WHP,25.065829,-80.771293,0.209375,0.0225,0.16708436799988977
2018,WHP,25.066223,-80.747627,0.20625,0,0.17299749916121263
2018,WHP,25.066847,-80.741086,0.11249999999999999,0.00375,0.11189131029658818
2018,WHP,25.070112,-80.758842,0.075,0.02625,0.13639750198538472
2018,WHP,25.071245,-80.779193,0.178125,0.19874999999999998,0.3835454568163119
2018,WHP,25.0725,-80.786653,0.534375,0.06,0.40362303221949963
2018,WHP,25.073642,-80.754423,0.178125,0.07125,0.22850588400086333
2018,WHP,25.075496,-80.748399,0.2625,0.00375,0.23115067716150506
2018,WHP,25.0791,-80.770516,0.2625,0.02625,0.3152294568551255
2018,WHP,25.079689,-80.73035,0.15,0.056249999999999994,0.096534743
2018,WHP,25.080369,-80.734032,0.178125,0.00375,0.14531870021254983
2018,WHP,25.080645,-80.754233,0.163125,0.06,0.24409767355197956
2018,WHP,25.084679,-80.778694,0.346875,0.06,0.28347687948932326
2018,WHP,25.085589,-80.745445,0.178125,0.03375,0.24993063114800826
2018,WHP,25.08602,-80.78805,0.105,0.81875,0.20733309788765347
2018,WHP,25.087527,-80.779451,0.178125,0.041249999999999995,0.27425397044300176
2018,WHP,25.089245,-80.767455,0.290625,0.06,0.3401289024851695
2018,WHP,25.090916,-80.752053,0.15,0.0225,0.15904707411491759
2018,WHP,25.090951,-80.774671,0.290625,0.0375,0.2910010996530505
2019,JON,25.0361557,-80.91960966,0.20625,0.41500000000000004,0.1648848446339231
2019,JON,25.03656222,-80.92510874,0.290625,0.0225,0.12760585071660543
2019,JON,25.03752392,-80.91524261,0.15,0.058124999999999996,0.23663906405893897
2019,JON,25.04246868,-80.91705347,0.159375,0.21687499999999998,0.17085690219627675
2019,JON,25.04466025,-80.91089632,0.163125,0.056249999999999994,0.170570184
2019,JON,25.04513256,-80.9294853,0.178125,0.06375,0
2019,JON,25.04773224,-80.93676369,0.015,0,0
2019,JON,25.04832853,-80.9211228,0.20625,0.075,0.1398765205549318
2019,JON,25.05105929,-80.91198533,0.13125,0.159375,0.1555065582538854
2019,JON,25.05184754,-80.90543855,0.321875,0.0075,0.4101987127781207
2019,JON,25.05412437,-80.90816932,0.2625,0.00375,0.31991008052575737
2019,JON,25.05440503,-80.92814102,0.056249999999999994,0.0075,0
2019,JON,25.0563809,-80.91285842,0.2625,0.01875,0.19888082914465444
2019,JON,25.06121751,-80.9399377,0.12,0.00375,0
2019,JON,25.06164948,-80.91450732,0.20625,0,0
2019,JON,25.0626935,-80.90270445,0.2625,0.01875,0.29200107744750603
2019,JON,25.06319641,-80.94405758,0.075,0.01125,0
2019,RAN,25.10318826,-80.78987633,0.290625,0.10124999999999999,0.1437377082671955
2019,RAN,25.10477,-80.78458,0.5,0.57875,0.5004009427939301
2019,RAN,25.10653318,-80.79364269,0.475,0.02625,0.3817999465335787
2019,RAN,25.10729324,-80.8016363,0.163125,0.610625,0.33265320949021326
2019,RAN,25.10768128,-80.79822255,0.15,0.12,0.29649482415213024
2019,RAN,25.10979852,-80.79470014,0.290625,0.04875,0.3874353930904291
2019,RAN,25.11082551,-80.80859573,0.15,0.178125,0.048245026425471904
2019,RAN,25.11248692,-80.7841792,0.265625,0.105,0.36825339917792493
2019,RAN,25.11300555,-80.77923674,0.2225,0.844375,0.2912925200515585
2019,RAN,25.1143241,-80.79406827,0.20625,0.09375,0.21843185052364655
2019,RAN,25.11503961,-80.81705924,0.20625,0.3275,0.288901843
2019,RAN,25.11504665,-80.80213534,0.290625,0.105,0.14880614870747172
2019,RAN,25.11610618,-80.78314067,0.5,0.08625,0.40068849255690825
2019,RAN,25.11631015,-80.8114127,0.29375,0.121875,0
2019,RAN,25.11738395,-80.82579152,0.0825,0.42,0.074476815
2019,RAN,25.11967466,-80.78590544,0.5625,0.11249999999999999,0.3680781426286784
2019,RAN,25.12059268,-80.81411826,0.2625,0.11624999999999999,0
2019,RAN,25.12167643,-80.78977142,0.2625,0.333125,0.3518365814751949
2019,RAN,25.1263,-80.79349,0.105,0.12375,0.08067831
2019,RAN,25.13250566,-80.80975614,0.178125,0.03,0
2019,RAN,25.13945533,-80.81733364,0.14625,0.03375,0
2019,WHP,25.03925571,-80.75952483,0.15,0.0525,0.19557560971833426
2019,WHP,25.04402752,-80.77076418,0.346875,0.0075,0.2542632039848446
2019,WHP,25.05252558,-80.77612213,0.11624999999999999,0.15,0.19912089498992097
2019,WHP,25.05411549,-80.7632911,0.15,0.0375,0.17379753960308125
2019,WHP,25.05698534,-80.75332367,0.234375,0.03,0.4502049271164185
2019,WHP,25.05865051,-80.74264415,0.346875,0.02625,0.6574206128757091
2019,WHP,25.06009251,-80.75774454,0.234375,0.181875,0.1747652399681892
2019,WHP,25.06438432,-80.77094821,0.265625,0.01125,0.4626235348998102
2019,WHP,25.06569609,-80.74985584,0.15,0.01875,0.21117237609917472
2019,WHP,25.06581,-80.74293,0.20625,0.538125,0.259976532
2019,WHP,25.06608463,-80.7780868,0.20625,0.16499999999999998,0.3035487854046786
2019,WHP,25.06913384,-80.78144528,0.250625,0.1725,0.22984741402501924
2019,WHP,25.07125618,-80.76882231,0.2625,0.045,0.4268760488551356
2019,WHP,25.07163,-80.74074,0.15,0.075,0.21086061769928835
2019,WHP,25.07322558,-80.77223682,0.2625,0.01875,0.17404484803989012
2019,WHP,25.07540827,-80.7549628,0.11624999999999999,0.06375,0.20302864254164338
2019,WHP,25.07573926,-80.7343983,0.15,0.01875,0.1765623676098433
2019,WHP,25.07749262,-80.7615809,0.178125,0.135,0.2191060992210716
2019,WHP,25.08005941,-80.76907725,0.148125,0.06375,0.2932490755806939
2019,WHP,25.08248008,-80.78221889,0.375,0.00375,0.4588714274344301
2019,WHP,25.08343564,-80.73717121,0.378125,0.136875,0.2836397803713173
2019,WHP,25.08412787,-80.74845997,0.31875,0.01125,0.4251154907121939
2019,WHP,25.08465,-80.73051,0.35,0.34125,0.364419957
2019,WHP,25.08469,-80.78967,0.38125,0.33187500000000003,0.3568692983106664
2019,WHP,25.08767356,-80.77958614,0.290625,0.135,0.39495368014284693
2019,WHP,25.08793357,-80.74312519,0.2625,0.53625,0.34515874891252196
2019,WHP,25.08895869,-80.75407369,0.2625,0.0375,0.2626856851072954
2019,WHP,25.08991716,-80.77401162,0.375,0,0.4052888050051154
2019,WHP,25.0923786,-80.760064,0.20625,0.045,0.1941744111864105
